﻿designator,quantity,value,pack,mpn,mount_type
"C1, C2",2,8pF,C_0603_1608Metric_Pad1.08x0.95mm_HandSolder,,smt
"C10, C11, C3, C4, C5, C6, C7, C8, C9",9,0.1µF,C_0603_1608Metric_Pad1.08x0.95mm_HandSolder,,smt
"D1, D10, D11, D12, D13, D14, D15, D16, D17, D18, D19, D1_RX1, D2, D20, D21, D22, D23, D24, D25, D26, D27, D28, D29, D2_TX1, D3, D30, D31, D32, D33, D4, D5, D6, D7, D8, D9",35,LED,LEDC1608X39N,,smt
"E_HDG1, E_NAV_VOL1",2,PEC11R-4215F-S0024,Rotary_Encoder_Switched_PEC11R,PEC11R-4215F-S0024,tht
F1,1,0ZCJ0075AF2E,FUSC3216X125N,,smt
J1,1,~,CF31361D0R0-05-NH,,smt
J2,1,USB3140-30-0070-1-C,GCT_USB3140-30-0070-1-C_REVE1,,smt
"J3, J7",2,AVR-ISP-6,PinHeader_2x03_P2.54mm_Vertical_SMD,,smt
J5,1,~,CF31141D0R0-05-NH,,smt
J6,1,Conn_01x06_Pin,PinHeader_1x06_P2.54mm_Vertical,,tht
"R1, R10, R11, R12, R13, R14, R15, R16, R17, R18, R19, R2, R20, R21, R22, R23, R24, R25, R26, R27, R28, R29, R3, R30, R31, R32, R33, R4, R40, R41, R5, R6, R7, R8, R9",35,180Ω,R_0603_1608Metric_Pad0.98x0.95mm_HandSolder,,smt
"R34, R35",2,22Ω,R_0603_1608Metric_Pad0.98x0.95mm_HandSolder,,smt
R36,1,1M,R_0603_1608Metric_Pad0.98x0.95mm_HandSolder,,smt
"R37, R38, R39",3,1K,R_0603_1608Metric_Pad0.98x0.95mm_HandSolder,,smt
"R42, R43, R44, R45",4,10K,R_0603_1608Metric_Pad0.98x0.95mm_HandSolder,,smt
"S1, S2",2,PEC11D-4120F-S0015,PEC11D4120FS0015,,tht
"S10, S11, S12, S13, S14, S15, S3, S4, S5, S6, S7, S8, S9",13,PTS526_SK15_SMTR2_LFS,PTS526SK15SMTR2LFS,,smt
U1,1,ATmega16U2-A,TQFP-32_7x7mm_P0.8mm,,smt
U2,1,ATMEGA2560-16AU,TQFP-100_14x14mm,ATMEGA2560-16AU,smt
U3,1,CSTNE16M0V530000R0,CSTNE16M0V530000R0,,smt
U4,1,CD74HC4067SM96,SSOP-24_W5.30mm,CD74HC4067SM96,smt
Y1,1,Crystal,ECS160836B2CKMTR,,smt
