﻿pos_x,pos_y,rotation,side,designator,mpn,pack,value,mount_type,place
148.025,-198.25,0.0,bottom,C1,,C_0603_1608Metric_Pad1.08x0.95mm_HandSolder,8pF,smt,True
165.8875,-215.25,0.0,bottom,C10,,C_0603_1608Metric_Pad1.08x0.95mm_HandSolder,0.1µF,smt,True
159.75,-269.8625,90.0,bottom,C11,,C_0603_1608Metric_Pad1.08x0.95mm_HandSolder,0.1µF,smt,True
147.8875,-205.75,0.0,bottom,C2,,C_0603_1608Metric_Pad1.08x0.95mm_HandSolder,8pF,smt,True
171.8625,-203.8,0.0,bottom,C3,,C_0603_1608Metric_Pad1.08x0.95mm_HandSolder,0.1µF,smt,True
171.7625,-207.0,0.0,bottom,C4,,C_0603_1608Metric_Pad1.08x0.95mm_HandSolder,0.1µF,smt,True
159.25,-190.8875,90.0,bottom,C5,,C_0603_1608Metric_Pad1.08x0.95mm_HandSolder,0.1µF,smt,True
171.2625,-220.75,180.0,bottom,C6,,C_0603_1608Metric_Pad1.08x0.95mm_HandSolder,0.1µF,smt,True
171.2625,-222.5,180.0,bottom,C7,,C_0603_1608Metric_Pad1.08x0.95mm_HandSolder,0.1µF,smt,True
171.2625,-224.25,180.0,bottom,C8,,C_0603_1608Metric_Pad1.08x0.95mm_HandSolder,0.1µF,smt,True
171.2625,-226.0,180.0,bottom,C9,,C_0603_1608Metric_Pad1.08x0.95mm_HandSolder,0.1µF,smt,True
160.0,-133.1885,90.0,top,D1,,LEDC1608X39N,LED,smt,True
158.8,-207.0,90.0,top,D10,,LEDC1608X39N,LED,smt,True
167.3,-201.2,180.0,top,D11,,LEDC1608X39N,LED,smt,True
150.7,-212.7,180.0,top,D12,,LEDC1608X39N,LED,smt,True
158.75,-218.2,90.0,top,D13,,LEDC1608X39N,LED,smt,True
167.3,-212.7,180.0,top,D14,,LEDC1608X39N,LED,smt,True
150.7,-224.0,180.0,top,D15,,LEDC1608X39N,LED,smt,True
158.8,-229.8,90.0,top,D16,,LEDC1608X39N,LED,smt,True
167.5,-224.0,180.0,top,D17,,LEDC1608X39N,LED,smt,True
150.7,-235.6,180.0,top,D18,,LEDC1608X39N,LED,smt,True
158.8,-241.4,90.0,top,D19,,LEDC1608X39N,LED,smt,True
148.593859,-184.9385,90.0,bottom,D1_RX1,,LEDC1608X39N,LED,smt,True
170.2,-139.0,180.0,top,D2,,LEDC1608X39N,LED,smt,True
167.5,-235.6,180.0,top,D20,,LEDC1608X39N,LED,smt,True
150.7,-247.2,180.0,top,D21,,LEDC1608X39N,LED,smt,True
158.8,-252.8,90.0,top,D22,,LEDC1608X39N,LED,smt,True
167.0,-247.2,180.0,top,D23,,LEDC1608X39N,LED,smt,True
150.5,-258.5,180.0,top,D24,,LEDC1608X39N,LED,smt,True
158.8,-264.4,90.0,top,D25,,LEDC1608X39N,LED,smt,True
167.0,-258.5,180.0,top,D26,,LEDC1608X39N,LED,smt,True
150.8,-271.8,0.0,top,D27,,LEDC1608X39N,LED,smt,True
167.4,-271.8,0.0,top,D28,,LEDC1608X39N,LED,smt,True
158.8,-271.8,0.0,top,D29,,LEDC1608X39N,LED,smt,True
145.7,-184.9385,90.0,bottom,D2_TX1,,LEDC1608X39N,LED,smt,True
147.0,-127.25,0.0,top,D3,,LEDC1608X39N,LED,smt,True
158.748089,-194.193859,180.0,top,D30,,LEDC1608X39N,LED,smt,True
158.8,-165.2,0.0,top,D31,,LEDC1608X39N,LED,smt,True
147.0,-132.0,0.0,top,D32,,LEDC1608X39N,LED,smt,True
169.2,-126.8,0.0,top,D33,,LEDC1608X39N,LED,smt,True
155.2,-136.4,0.0,top,D4,,LEDC1608X39N,LED,smt,True
153.0,-165.2,90.0,top,D5,,LEDC1608X39N,LED,smt,True
164.6,-165.1885,90.0,top,D6,,LEDC1608X39N,LED,smt,True
150.8115,-196.75,0.0,top,D7,,LEDC1608X39N,LED,smt,True
167.0615,-196.75,0.0,top,D8,,LEDC1608X39N,LED,smt,True
150.5885,-201.2,180.0,top,D9,,LEDC1608X39N,LED,smt,True
153.05,-179.5,0.0,top,E_HDG1,PEC11R-4215F-S0024,Rotary_Encoder_Switched_PEC11R,PEC11R-4215F-S0024,tht,True
153.05,-119.75,0.0,top,E_NAV_VOL1,PEC11R-4215F-S0024,Rotary_Encoder_Switched_PEC11R,PEC11R-4215F-S0024,tht,True
166.505,-212.0,180.0,bottom,F1,,FUSC3216X125N,0ZCJ0075AF2E,smt,True
170.45,-262.75,-90.0,bottom,J1,,CF31361D0R0-05-NH,~,smt,True
159.0,-212.96,180.0,bottom,J2,,GCT_USB3140-30-0070-1-C_REVE1,USB3140-30-0070-1-C,smt,True
149.24,-164.925,90.0,bottom,J3,,PinHeader_2x03_P2.54mm_Vertical_SMD,AVR-ISP-6,smt,True
170.6,-287.85,-90.0,bottom,J5,,CF31141D0R0-05-NH,~,smt,True
145.8,-140.0,180.0,bottom,J6,,PinHeader_1x06_P2.54mm_Vertical,Conn_01x06_Pin,tht,True
168.06,-164.825,90.0,bottom,J7,,PinHeader_2x03_P2.54mm_Vertical_SMD,AVR-ISP-6,smt,True
157.6,-133.2875,90.0,top,R1,,R_0603_1608Metric_Pad0.98x0.95mm_HandSolder,180Ω,smt,True
158.8,-211.0875,90.0,top,R10,,R_0603_1608Metric_Pad0.98x0.95mm_HandSolder,180Ω,smt,True
170.3,-200.4,90.0,top,R11,,R_0603_1608Metric_Pad0.98x0.95mm_HandSolder,180Ω,smt,True
145.9,-212.6,-90.0,top,R12,,R_0603_1608Metric_Pad0.98x0.95mm_HandSolder,180Ω,smt,True
158.6,-222.1125,-90.0,top,R13,,R_0603_1608Metric_Pad0.98x0.95mm_HandSolder,180Ω,smt,True
171.3,-212.7,-90.0,top,R14,,R_0603_1608Metric_Pad0.98x0.95mm_HandSolder,180Ω,smt,True
145.9,-224.0,-90.0,top,R15,,R_0603_1608Metric_Pad0.98x0.95mm_HandSolder,180Ω,smt,True
158.8,-233.9125,-90.0,top,R16,,R_0603_1608Metric_Pad0.98x0.95mm_HandSolder,180Ω,smt,True
171.3,-223.9,-90.0,top,R17,,R_0603_1608Metric_Pad0.98x0.95mm_HandSolder,180Ω,smt,True
145.9,-235.5,-90.0,top,R18,,R_0603_1608Metric_Pad0.98x0.95mm_HandSolder,180Ω,smt,True
158.8,-245.3125,-90.0,top,R19,,R_0603_1608Metric_Pad0.98x0.95mm_HandSolder,180Ω,smt,True
170.2875,-141.2,180.0,top,R2,,R_0603_1608Metric_Pad0.98x0.95mm_HandSolder,180Ω,smt,True
171.3,-235.4,-90.0,top,R20,,R_0603_1608Metric_Pad0.98x0.95mm_HandSolder,180Ω,smt,True
145.9,-247.2,-90.0,top,R21,,R_0603_1608Metric_Pad0.98x0.95mm_HandSolder,180Ω,smt,True
158.8,-257.3125,-90.0,top,R22,,R_0603_1608Metric_Pad0.98x0.95mm_HandSolder,180Ω,smt,True
171.3,-247.1,-90.0,top,R23,,R_0603_1608Metric_Pad0.98x0.95mm_HandSolder,180Ω,smt,True
145.9,-258.7,-90.0,top,R24,,R_0603_1608Metric_Pad0.98x0.95mm_HandSolder,180Ω,smt,True
158.8,-268.5125,-90.0,top,R25,,R_0603_1608Metric_Pad0.98x0.95mm_HandSolder,180Ω,smt,True
171.3,-258.5,-90.0,top,R26,,R_0603_1608Metric_Pad0.98x0.95mm_HandSolder,180Ω,smt,True
146.6875,-271.8,180.0,top,R27,,R_0603_1608Metric_Pad0.98x0.95mm_HandSolder,180Ω,smt,True
167.5125,-274.0,0.0,top,R28,,R_0603_1608Metric_Pad0.98x0.95mm_HandSolder,180Ω,smt,True
158.9125,-274.0,0.0,top,R29,,R_0603_1608Metric_Pad0.98x0.95mm_HandSolder,180Ω,smt,True
147.1125,-125.0,0.0,top,R3,,R_0603_1608Metric_Pad0.98x0.95mm_HandSolder,180Ω,smt,True
158.635589,-196.393859,180.0,top,R30,,R_0603_1608Metric_Pad0.98x0.95mm_HandSolder,180Ω,smt,True
158.7125,-162.8,0.0,top,R31,,R_0603_1608Metric_Pad0.98x0.95mm_HandSolder,180Ω,smt,True
146.9125,-134.2,0.0,top,R32,,R_0603_1608Metric_Pad0.98x0.95mm_HandSolder,180Ω,smt,True
169.3125,-124.6,0.0,top,R33,,R_0603_1608Metric_Pad0.98x0.95mm_HandSolder,180Ω,smt,True
157.5,-208.1625,90.0,bottom,R34,,R_0603_1608Metric_Pad0.98x0.95mm_HandSolder,22Ω,smt,True
159.25,-208.1625,90.0,bottom,R35,,R_0603_1608Metric_Pad0.98x0.95mm_HandSolder,22Ω,smt,True
144.6,-201.8125,90.0,bottom,R36,,R_0603_1608Metric_Pad0.98x0.95mm_HandSolder,1M,smt,True
157.25,-190.9125,90.0,bottom,R37,,R_0603_1608Metric_Pad0.98x0.95mm_HandSolder,1K,smt,True
145.6,-213.4125,90.0,bottom,R38,,R_0603_1608Metric_Pad0.98x0.95mm_HandSolder,1K,smt,True
171.6,-212.1625,90.0,bottom,R39,,R_0603_1608Metric_Pad0.98x0.95mm_HandSolder,1K,smt,True
151.4875,-136.4,180.0,top,R4,,R_0603_1608Metric_Pad0.98x0.95mm_HandSolder,180Ω,smt,True
148.6,-179.0875,90.0,bottom,R40,,R_0603_1608Metric_Pad0.98x0.95mm_HandSolder,180Ω,smt,True
145.956141,-179.0125,-90.0,bottom,R41,,R_0603_1608Metric_Pad0.98x0.95mm_HandSolder,180Ω,smt,True
146.0,-172.8875,90.0,bottom,R42,,R_0603_1608Metric_Pad0.98x0.95mm_HandSolder,10K,smt,True
166.3375,-241.35,0.0,bottom,R43,,R_0603_1608Metric_Pad0.98x0.95mm_HandSolder,10K,smt,True
146.0,-271.9125,90.0,bottom,R44,,R_0603_1608Metric_Pad0.98x0.95mm_HandSolder,10K,smt,True
159.9125,-257.25,180.0,bottom,R45,,R_0603_1608Metric_Pad0.98x0.95mm_HandSolder,10K,smt,True
150.6,-165.2875,90.0,top,R5,,R_0603_1608Metric_Pad0.98x0.95mm_HandSolder,180Ω,smt,True
167.2,-165.0875,90.0,top,R6,,R_0603_1608Metric_Pad0.98x0.95mm_HandSolder,180Ω,smt,True
150.7125,-194.2,0.0,top,R7,,R_0603_1608Metric_Pad0.98x0.95mm_HandSolder,180Ω,smt,True
167.1125,-194.2,0.0,top,R8,,R_0603_1608Metric_Pad0.98x0.95mm_HandSolder,180Ω,smt,True
154.0,-200.2875,90.0,top,R9,,R_0603_1608Metric_Pad0.98x0.95mm_HandSolder,180Ω,smt,True
156.25,-157.0,0.0,top,S1,,PEC11D4120FS0015,PEC11D-4120F-S0015,tht,True
167.25,-207.1,0.0,top,S10,,PTS526SK15SMTR2LFS,PTS526_SK15_SMTR2_LFS,smt,True
167.25,-218.35,0.0,top,S11,,PTS526SK15SMTR2LFS,PTS526_SK15_SMTR2_LFS,smt,True
167.3,-229.6,0.0,top,S12,,PTS526SK15SMTR2LFS,PTS526_SK15_SMTR2_LFS,smt,True
167.25,-241.35,0.0,top,S13,,PTS526SK15SMTR2LFS,PTS526_SK15_SMTR2_LFS,smt,True
167.2,-252.85,0.0,top,S14,,PTS526SK15SMTR2LFS,PTS526_SK15_SMTR2_LFS,smt,True
167.25,-264.25,0.0,top,S15,,PTS526SK15SMTR2LFS,PTS526_SK15_SMTR2_LFS,smt,True
156.25,-294.0,0.0,top,S2,,PEC11D4120FS0015,PEC11D-4120F-S0015,tht,True
168.75,-133.0,0.0,top,S3,,PTS526SK15SMTR2LFS,PTS526_SK15_SMTR2_LFS,smt,True
150.75,-206.85,0.0,top,S4,,PTS526SK15SMTR2LFS,PTS526_SK15_SMTR2_LFS,smt,True
150.75,-218.25,0.0,top,S5,,PTS526SK15SMTR2LFS,PTS526_SK15_SMTR2_LFS,smt,True
150.75,-229.85,0.0,top,S6,,PTS526SK15SMTR2LFS,PTS526_SK15_SMTR2_LFS,smt,True
150.75,-241.35,0.0,top,S7,,PTS526SK15SMTR2LFS,PTS526_SK15_SMTR2_LFS,smt,True
150.75,-253.1,0.0,top,S8,,PTS526SK15SMTR2LFS,PTS526_SK15_SMTR2_LFS,smt,True
150.6,-264.35,0.0,top,S9,,PTS526SK15SMTR2LFS,PTS526_SK15_SMTR2_LFS,smt,True
158.75,-199.5,0.0,bottom,U1,,TQFP-32_7x7mm_P0.8mm,ATmega16U2-A,smt,True
159.25,-228.3,180.0,bottom,U2,ATMEGA2560-16AU,TQFP-100_14x14mm,ATMEGA2560-16AU,smt,True
161.5,-240.75,0.0,bottom,U3,,CSTNE16M0V530000R0,CSTNE16M0V530000R0,smt,True
150.8,-262.46,0.0,bottom,U4,CD74HC4067SM96,SSOP-24_W5.30mm,CD74HC4067SM96,smt,True
147.9875,-202.1,180.0,bottom,Y1,,ECS160836B2CKMTR,Crystal,smt,True
