﻿pos_x,pos_y,rotation,side,designator,mpn,pack,value,mount_type,place
425.2115,-121.0,0.0,top,D1,,LEDC1608X39N,LED,smt,True
434.7,-185.3,0.0,top,D10,,LEDC1608X39N,LED,smt,True
426.6115,-228.3,0.0,top,D11,,LEDC1608X39N,LED,smt,True
442.9115,-227.5,0.0,top,D12,,LEDC1608X39N,LED,smt,True
434.5,-235.1885,90.0,top,D13,,LEDC1608X39N,LED,smt,True
426.6115,-241.2,0.0,top,D14,,LEDC1608X39N,LED,smt,True
443.1115,-241.3,0.0,top,D15,,LEDC1608X39N,LED,smt,True
434.4,-246.6885,90.0,top,D16,,LEDC1608X39N,LED,smt,True
426.7115,-252.8,0.0,top,D17,,LEDC1608X39N,LED,smt,True
443.2115,-252.9,0.0,top,D18,,LEDC1608X39N,LED,smt,True
434.7,-258.6885,90.0,top,D19,,LEDC1608X39N,LED,smt,True
423.9115,-133.1,0.0,top,D2,,LEDC1608X39N,LED,smt,True
426.0115,-265.9,0.0,top,D20,,LEDC1608X39N,LED,smt,True
442.8115,-266.0,0.0,top,D21,,LEDC1608X39N,LED,smt,True
422.8115,-288.6,0.0,top,D22,,LEDC1608X39N,LED,smt,True
446.1115,-288.7,0.0,top,D23,,LEDC1608X39N,LED,smt,True
426.7115,-193.9,0.0,top,D24,,LEDC1608X39N,LED,smt,True
442.7115,-193.9,0.0,top,D25,,LEDC1608X39N,LED,smt,True
422.7,-206.2885,90.0,top,D26,,LEDC1608X39N,LED,smt,True
446.5,-206.6885,90.0,top,D27,,LEDC1608X39N,LED,smt,True
434.4115,-221.5,0.0,top,D28,,LEDC1608X39N,LED,smt,True
434.4,-193.2885,90.0,top,D29,,LEDC1608X39N,LED,smt,True
432.9,-127.0885,90.0,top,D3,,LEDC1608X39N,LED,smt,True
441.7115,-157.6,0.0,top,D30,,LEDC1608X39N,LED,smt,True
441.7,-124.3,0.0,top,D4,,LEDC1608X39N,LED,smt,True
438.4115,-128.6,0.0,top,D5,,LEDC1608X39N,LED,smt,True
444.3115,-120.3,0.0,top,D6,,LEDC1608X39N,LED,smt,True
427.4115,-157.5,0.0,top,D7,,LEDC1608X39N,LED,smt,True
423.3115,-163.8,0.0,top,D8,,LEDC1608X39N,LED,smt,True
445.9115,-163.6,0.0,top,D9,,LEDC1608X39N,LED,smt,True
429.1,-113.55,0.0,top,E_COM1,PEC11R-4215F-S0024,Rotary_Encoder_Switched_PEC11R,PEC11R-4215F-S0024,tht,True
432.2,-151.0,0.0,top,E_COM_FQ1,,PEC11D4120FS0015,PEC11D-4120F-S0015,tht,True
433.55,-246.55,90.0,bottom,J2,,CF31361D0R0-05-NH,~,smt,True
425.3,-117.6,0.0,top,R1,,R_0603_1608Metric_Pad0.98x0.95mm_HandSolder,180Ω,smt,True
434.6875,-187.8,0.0,top,R10,,R_0603_1608Metric_Pad0.98x0.95mm_HandSolder,180Ω,smt,True
426.6875,-225.3,0.0,top,R11,,R_0603_1608Metric_Pad0.98x0.95mm_HandSolder,180Ω,smt,True
442.8875,-224.5,0.0,top,R12,,R_0603_1608Metric_Pad0.98x0.95mm_HandSolder,180Ω,smt,True
434.4,-239.0875,-90.0,top,R13,,R_0603_1608Metric_Pad0.98x0.95mm_HandSolder,180Ω,smt,True
422.7875,-241.1,0.0,top,R14,,R_0603_1608Metric_Pad0.98x0.95mm_HandSolder,180Ω,smt,True
439.1875,-241.1,0.0,top,R15,,R_0603_1608Metric_Pad0.98x0.95mm_HandSolder,180Ω,smt,True
434.4,-250.3875,-90.0,top,R16,,R_0603_1608Metric_Pad0.98x0.95mm_HandSolder,180Ω,smt,True
423.0125,-252.7,180.0,top,R17,,R_0603_1608Metric_Pad0.98x0.95mm_HandSolder,180Ω,smt,True
439.0125,-252.9,180.0,top,R18,,R_0603_1608Metric_Pad0.98x0.95mm_HandSolder,180Ω,smt,True
434.7,-262.3,-90.0,top,R19,,R_0603_1608Metric_Pad0.98x0.95mm_HandSolder,180Ω,smt,True
423.7875,-136.2,0.0,top,R2,,R_0603_1608Metric_Pad0.98x0.95mm_HandSolder,180Ω,smt,True
426.0875,-267.9,0.0,top,R20,,R_0603_1608Metric_Pad0.98x0.95mm_HandSolder,180Ω,smt,True
442.9875,-268.1,0.0,top,R21,,R_0603_1608Metric_Pad0.98x0.95mm_HandSolder,180Ω,smt,True
422.9875,-285.7,0.0,top,R22,,R_0603_1608Metric_Pad0.98x0.95mm_HandSolder,180Ω,smt,True
446.2875,-285.6,0.0,top,R23,,R_0603_1608Metric_Pad0.98x0.95mm_HandSolder,180Ω,smt,True
426.7875,-196.4,0.0,top,R24,,R_0603_1608Metric_Pad0.98x0.95mm_HandSolder,180Ω,smt,True
442.8875,-196.2,0.0,top,R25,,R_0603_1608Metric_Pad0.98x0.95mm_HandSolder,180Ω,smt,True
422.7,-210.0875,-90.0,top,R26,,R_0603_1608Metric_Pad0.98x0.95mm_HandSolder,180Ω,smt,True
446.5,-210.4875,-90.0,top,R27,,R_0603_1608Metric_Pad0.98x0.95mm_HandSolder,180Ω,smt,True
434.5125,-223.7,0.0,top,R28,,R_0603_1608Metric_Pad0.98x0.95mm_HandSolder,180Ω,smt,True
435.2875,-196.1,0.0,top,R29,,R_0603_1608Metric_Pad0.98x0.95mm_HandSolder,180Ω,smt,True
435.1,-127.0125,90.0,top,R3,,R_0603_1608Metric_Pad0.98x0.95mm_HandSolder,180Ω,smt,True
441.8875,-159.9,0.0,top,R30,,R_0603_1608Metric_Pad0.98x0.95mm_HandSolder,180Ω,smt,True
441.7875,-126.4,0.0,top,R4,,R_0603_1608Metric_Pad0.98x0.95mm_HandSolder,180Ω,smt,True
438.4875,-130.8,0.0,top,R5,,R_0603_1608Metric_Pad0.98x0.95mm_HandSolder,180Ω,smt,True
444.2875,-122.4,0.0,top,R6,,R_0603_1608Metric_Pad0.98x0.95mm_HandSolder,180Ω,smt,True
427.2875,-159.9,0.0,top,R7,,R_0603_1608Metric_Pad0.98x0.95mm_HandSolder,180Ω,smt,True
423.3875,-161.2,0.0,top,R8,,R_0603_1608Metric_Pad0.98x0.95mm_HandSolder,180Ω,smt,True
445.9875,-166.1,0.0,top,R9,,R_0603_1608Metric_Pad0.98x0.95mm_HandSolder,180Ω,smt,True
432.2,-181.0,0.0,top,S1,,PEC11D4120FS0015,PEC11D-4120F-S0015,tht,True
443.2,-258.3,0.0,top,S10,,PTS526SK15SMTR2LFS,PTS526_SK15_SMTR2_LFS,smt,True
432.2,-288.0,0.0,top,S2,,PEC11D4120FS0015,PEC11D-4120F-S0015,tht,True
425.9,-127.05,0.0,top,S3,,PTS526SK15SMTR2LFS,PTS526_SK15_SMTR2_LFS,smt,True
434.7,-207.48,0.0,top,S4,,RKJXT1F42001,RKJXT1F42001,tht,True
426.75,-235.3,0.0,top,S5,,PTS526SK15SMTR2LFS,PTS526_SK15_SMTR2_LFS,smt,True
426.6,-246.7,0.0,top,S6,,PTS526SK15SMTR2LFS,PTS526_SK15_SMTR2_LFS,smt,True
426.8,-258.25,0.0,top,S7,,PTS526SK15SMTR2LFS,PTS526_SK15_SMTR2_LFS,smt,True
443.25,-235.3,0.0,top,S8,,PTS526SK15SMTR2LFS,PTS526_SK15_SMTR2_LFS,smt,True
443.2,-246.8,0.0,top,S9,,PTS526SK15SMTR2LFS,PTS526_SK15_SMTR2_LFS,smt,True
